 Index ; Origin ; Destination; Length ; Nbr slices ; Cost ;
1 ;  1;3;1.00 ;16;1.000000;
2 ;  2;3;1.00 ;16;1.000000;
3 ;  3;4;1.00 ;16;1.000000;
4 ;  4;5;1.00 ;16;1.000000;
5 ;  4;6;1.00 ;16;1.000000;