MIP-UB;MIP-LB;MIP-GAP;MIP-Time;;RELAX-OBJ;RELAX-Time;;SUB-FLOW-UB;SUB-FLOW-LB;SUB-FLOW-Iterations;SUB-FLOW-Stop Creterion;SUB-FLOW-Time;;SUB-OVERLAP-UB;SUB-OVERLAP-LB;SUB-OVERLAP-Iterations;SUB-OVERLAP-Stop Creterion;SUB-OVERLAP-Time;;VOL-FLOW-UB;VOL-FLOW-LB;VOL-FLOW-Iterations;VOL-FLOW-Stop Creterion;VOL-FLOW-Time;;VOL-OVERLAP-UB;VOL-OVERLAP-LB;VOL-OVERLAP-Iterations;VOL-OVERLAP-Stop Creterion;VOL-OVERLAP-Time;;
50;50;0;31.569229;;50.000000000;31.714917830;;64.000000000;47.450263445;150;Max It;218.433665528;;64.000000000;0.000000000;300;Max It;198.956254037;;62.000000000;47.022644397;150;Max It;236.469553222;;64.000000000;0.000000000;300;Max It;368.241321492
53.000000000;53.000000000;0.000000000;162.690101215;;51.000000000;33.383921972;;60.000000000;50.049508118;150;Max It;214.224344812;;93.000000000;0.000000000;300;Max It;213.051925555;;66.000000000;48.577569849;150;Max It;209.768720429;;93.000000000;0.000000000;300;Max It;344.532573731
41.000000000;41.000000000;0.000000000;31.015230686;;39.000000000;18.925747552;;53.000000000;38.724899854;150;Max It;170.760080968;;67.000000000;0.000000000;300;Max It;148.830608268;;53.000000000;38.203528228;150;Max It;167.662932498;;67.000000000;0.000000000;300;Max It;218.657703135
54.000000000;54.000000000;0.000000000;33.432889912;;48.883620690;14.644419958;;60.000000000;48.219907697;150;Max It;151.179936221;;65.000000000;0.375442221;198;Small Step;76.775222763;;61.000000000;47.916501961;150;Max It;148.253292783;;65.000000000;0.000000000;300;Max It;151.826569690
