Index ; Origin ; Destination; Length ; Nbr slices ; Cost ;
1 ;  1;3;301.000000 ;30;1.000000;
2 ;  1;5;272.000000 ;30;1.000000;
3 ;  1;2;504.000000 ;30;1.000000;
4 ;  1;4;391.000000 ;30;1.000000;
5 ;  2;3;303.000000 ;30;1.000000;
6 ;  2;5;256.000000 ;30;1.000000;
7 ;  3;4;540.000000 ;30;1.000000;