Index;origin;destination;data rate;max_length
1;2;8;21.9121;100000
2;2;10;30.1918;100000
3;4;9;13.4015;100000
4;4;12;37.0465;100000
5;4;17;12.2462;100000
6;6;11;27.6886;100000
7;7;11;16.1357;100000
8;7;12;22.5283;100000
9;7;17;9.85854;100000
10;8;11;7.27838;100000
11;8;12;12.8623;100000
12;9;13;24.00503;100000
13;9;16;9.35492;100000
14;12;16;20.8339;100000
15;14;17;19.4475;100000
